topology,diameter,average_hops,bisection_bandwidth_gbps,bisection_bandwidth_gbps_per_ssu,a2a_completion_time_s,a2a_completion_time_p50_s,a2a_completion_time_p95_s,a2a_per_ssu_throughput_gbps,a2a_max_link_utilization,a2a_link_utilization_cv,sparse_completion_time_s,sparse_completion_time_p50_s,sparse_completion_time_p95_s,sparse_per_ssu_throughput_gbps,sparse_max_link_utilization,sparse_link_utilization_cv
2D-FullMesh,4.0,3.5118110236220472,12800.0,100.0,0.02144,0.01072,0.01072,189.55223880597015,0.9552238805970149,0.0,0.00032,0.00016,0.00024,199.99999999999997,0.5624999999999999,0.486810630280676
2D-Torus,6.0,4.015748031496063,6400.0,50.0,0.040960000000000885,0.01072,0.01072,99.21874999999787,1.0,5.696709343288357e-15,0.00032,0.00016,0.00024,199.99999999999997,0.8333333333333331,0.29088881494725
3D-Torus,8.0,5.00587084148728,25600.0,50.0,0.1638400000000404,0.04144,0.04144,99.80468749997539,1.0,5.0622844874221305e-14,0.0004,0.00016,0.00024,160.0,0.7199999999999999,0.2697759535109411
Clos,4.0,3.902097902097902,28800.0,200.0,0.02288,0.01144,0.01144,200.0,0.951048951048951,0.0,0.00032,0.00016,0.00016,199.99999999999997,0.40624999999999994,0.40786223998464605
